Preform Name,Length,Unit,Updated Timestamp,Source Draw
T010,2.5,cm,2026-01-30 19:44:05,FT010_1
T010,2.5,cm,2026-01-30 19:49:23,FT010_1
P00000,15.0,cm,2026-01-31 07:49:41,FP00000_1
P00011,25.0,cm,2026-01-31 07:59:49,FP00011_1
P00011,15.0,cm,2026-01-31 08:07:53,FP00011_1
P00011,15.0,cm,2026-01-31 08:12:34,FP00011_1
P00011,15.0,cm,2026-01-31 08:32:22,FP00011_1
P00000,15.0,cm,2026-01-31 09:04:22,FP00000_1
P00000,15.0,cm,2026-01-31 09:10:55,FP00000_1
T0678,15.0,cm,2026-01-31 09:11:45,FT0678_1
P00000,25.0,cm,2026-01-31 09:29:23,FP00000_1
P00000,25.0,cm,2026-01-31 09:34:09,FP00000_1
P00000,25.0,cm,2026-01-31 09:42:54,FP00000_1
P00000,25.0,cm,2026-01-31 09:44:12,FP00000_1
P00000,132.0,cm,2026-01-31 10:08:34,FP00000_1
P012345,20.0,cm,2026-01-31 10:17:44,FP012345_1
P01,25.0,cm,2026-01-31 10:23:23,FP01_1
T777,20.0,cm,2026-01-31 13:22:54,FT777_1
P0555,34.0,cm,2026-01-31 13:43:20,FP0555_1
P0111,20.0,cm,2026-02-01 09:48:50,FP0111_2
T055555,15.0,cm,2026-02-02 14:49:32,FT055555_1
TT111,16.0,cm,2026-02-02 14:52:53,FTT111_1
TT00,25.0,cm,2026-02-02 15:05:31,FTT00_1
TT999,20.0,cm,2026-02-02 15:21:11,FTT999_1
TT999,20.0,cm,2026-02-02 18:33:26,FTT999_1
TT999,20.0,cm,2026-02-02 18:36:19,FTT999_1
TT999,20.0,cm,2026-02-02 18:37:24,FTT999_1
TT666,16.0,cm,2026-02-02 18:46:30,FTT666_1
TT666,200.0,cm,2026-02-03 08:08:37,FTT666_1
TT666,200.0,cm,2026-02-03 08:10:46,FTT666_1
TT666,200.0,cm,2026-02-03 08:12:30,FTT666_1
TT666,200.0,cm,2026-02-03 08:13:07,FTT666_1
TT666,200.0,cm,2026-02-03 08:14:49,FTT666_1
TT666,200.0,cm,2026-02-03 08:23:23,FTT666_1
TT666,200.0,cm,2026-02-03 08:25:44,FTT666_1
TT666,200.0,cm,2026-02-03 08:27:27,FTT666_1
TT666,200.0,cm,2026-02-03 08:28:45,FTT666_1
TT666,200.0,cm,2026-02-03 08:29:17,FTT666_1
TT666,200.0,cm,2026-02-03 08:29:26,FTT666_1
TT666,200.0,cm,2026-02-03 08:30:02,FTT666_1
RRR,15.0,cm,2026-02-03 16:53:44,TAMAM - TIGER_RRR_20260203_164857
P0ttt,12.0,cm,2026-02-03 16:57:27,LARA - ELOP_P0ttt_20260203_165631
P0ttt,12.0,cm,2026-02-03 17:01:08,LARA - ELOP_P0ttt_20260203_165631
PPP,1.0,cm,2026-02-04 20:33:21,LARA - ELOP_PPP_20260204_203213
uuu,0.5,cm,2026-02-06 10:03:57,TAMAM - TIGER_uuu_20260206_100305
AAA,1.0,cm,2026-02-06 10:16:10,CIVAN - LARA_AAA_20260206_101525
ewrerwq,0.5,cm,2026-02-06 10:42:41,10_ewrerwq_20260206_103414
sadfsafd,1.0,cm,2026-02-06 10:56:43,LARA - ELOP_sadfsafd_20260206_105614
RERERERER,0.5,cm,2026-02-07 09:35:53,TAMAM - TIGER_RERERERER_20260206_170239
TGTGTG,0.5,cm,2026-02-07 17:48:16,TAMAM - TIGER_TGTGTG_20260207_174558
TGTGTG,0.5,cm,2026-02-07 18:19:27,TAMAM - TIGER_TGTGTG_20260207_174558
TIFER,0.5,cm,2026-02-08 08:13:03,TAMAM - TIGER_TIFER_20260208_081024
RERERERER,0.5,cm,2026-02-08 18:58:45,TAMAM - TIGER_RERERERER_20260206_170239
RERERERER,0.0,cm,2026-02-08 19:05:27,TAMAM - TIGER_RERERERER_20260206_170239
RERERERER,0.0,cm,2026-02-08 19:10:58,TAMAM - TIGER_RERERERER_20260206_170239
RERERERER,0.0,cm,2026-02-08 19:13:41,TAMAM - TIGER_RERERERER_20260206_170239
RERERERER,0.0,cm,2026-02-08 19:14:12,TAMAM - TIGER_RERERERER_20260206_170239
P0555,0.0,cm,2026-02-08 20:21:00,P0555F_1
p0999,0.0,cm,2026-02-09 10:06:11,p0999F_1
T0test,0.0,cm,2026-02-22 07:54:06,T0testF_1
