Timestamp,Fiber Z,Preform Z,Drawing Speed (m/min),Tension (N),Clad Diameter (µm),First Coating Diameter (µm),Second Coating Diameter (µm),Furnace Temperature (°C),Cooling Rate (°C/s),Preform Feed Rate (mm/min),UV Power (W)
2025-03-01 00:00:00,4491.068675916943,0.099551933220733,14.901306026820217,2.48716236833304,125.59787214220779,249.66244351620253,399.4581713107352,2082.2262842563214,15.852061680909916,99.55193322073299,76.23055395265312
2025-03-01 00:01:00,4475.592246545059,0.19485399940811185,14.93915943805758,2.8163204888858733,125.42594144907771,251.5639090156946,398.34386203953306,2110.257776019694,17.010760797867533,95.30206618737886,77.5021884586549
2025-03-01 00:02:00,4460.934197356645,0.29851440885550184,15.604545001909786,2.403123768298704,125.44754451668767,249.81035584682056,399.35040413420495,2097.2794114381836,14.558744083624772,103.66040944739001,80.25126914350271
2025-03-01 00:03:00,4446.714117298574,0.40729142728189194,15.361426130797321,2.8586933931257494,124.71786282389084,250.3469758261481,397.28156647624974,2079.11139137504,14.622216068185569,108.77701842639003,77.02343461290646
2025-03-01 00:04:00,4431.842116212025,0.5096381837796133,15.162940298886301,2.4268132212874454,124.61108796491703,249.69783479318278,399.7632779634636,2112.2279675752397,13.029523658377062,102.34675649772146,87.13048369369245
2025-03-01 00:05:00,4416.523360871744,0.6095408298501062,15.770013286096162,2.6358048108663814,124.85000382165428,250.09845212750122,403.41126621788885,2114.272805264962,14.541526214069094,99.9026460704928,78.69186964529159
2025-03-01 00:06:00,4401.943166412251,0.7051278829997882,15.236309245354478,2.5638061672405317,125.12937723278311,250.38199030326282,397.5473059085258,2105.9270130564837,15.467738621896904,95.58705314968199,91.84265456667174
2025-03-01 00:07:00,4387.309852278424,0.8023225351046069,15.479922855478371,2.272498574170989,124.54303256508867,249.89548913618856,398.2889845710944,2097.9502437240203,14.342709417282954,97.19465210481877,68.48304800801824
2025-03-01 00:08:00,4371.5173406008325,0.9071366690781361,15.133881723780416,2.6081400491400606,124.87400239780733,250.6836878578408,401.2709750766312,2103.1947353875416,16.134063742712193,104.81413397352917,88.76914722899468
2025-03-01 00:09:00,4355.671810596708,1.0183716624933596,14.945655198082168,2.5363473925503963,125.30693966454565,250.4129396136504,399.72095195149956,2111.9739864957814,13.87655314945381,111.23499341522368,76.7462645460317
2025-03-01 00:10:00,4341.090873349272,1.113261036701788,14.37284386726175,2.6469765791951345,124.70996417513938,250.3796237433883,398.7268929538033,2113.5424507034063,14.013546147575926,94.88937420842835,76.01698067677103
2025-03-01 00:11:00,4326.13391642095,1.2040925571807632,15.490525445616349,2.4853766854811954,125.90025811942115,250.08273026021524,405.72038760486794,2112.232775629479,14.307797703412145,90.83152047897518,76.31202330794999
2025-03-01 00:12:00,4310.943960828724,1.3023603491429177,15.362725213713125,2.3792615728324384,124.32672226020131,250.14134391638964,400.8710623061777,2097.7646162049396,16.00261176368342,98.26779196215435,87.54252766193854
2025-03-01 00:13:00,4296.228950032391,1.4037204115871087,14.86182472785851,2.6014570830877477,125.18632198347665,249.82947916048084,399.37812587222027,2086.8129938914403,14.698241268407216,101.36006244419102,79.75542317000428
2025-03-01 00:14:00,4281.883440857485,1.5198422422145388,15.086130542592551,2.9197713376010337,125.4160244224249,251.85280498334203,399.7111953393256,2078.5880356850075,15.839605769759627,116.1218306274302,86.08142909484914
2025-03-01 00:15:00,4267.301348936766,1.6226129430733318,15.76886579796347,2.6798319037966447,125.36349979276373,250.8544937011163,396.2404161102112,2120.203166511818,15.509262273995851,102.77070085879299,85.4613101743055
2025-03-01 00:16:00,4252.185734156313,1.715011480906957,14.884796965353578,2.5125148635416608,125.12249230332912,250.70234420546169,404.02544807216907,2097.0732702246464,14.598576194513939,92.39853783362506,81.8605626471995
2025-03-01 00:17:00,4237.374730310472,1.8169444723043295,14.331065971631025,2.438690939636019,125.1312209860527,249.49962437590125,401.67206349388744,2100.192206642163,15.66880904369497,101.93299139737266,81.28697966983981
2025-03-01 00:18:00,4222.4740292510505,1.91710691633582,14.396947070767052,2.546943279793497,125.75305230491627,249.17507501387257,400.9097336387921,2080.4611012108,14.95293578737398,100.16244403149061,78.1895904208168
2025-03-01 00:19:00,4206.727400647215,2.011578911576381,14.440904957734253,2.637214031358759,125.2001009610424,251.13856108877272,400.13542163091296,2114.4627398114662,15.649041401683817,94.47199524056083,79.47300255878335
2025-03-01 00:20:00,4191.724112935681,2.1113194517823226,15.552717121782184,2.322132955211717,124.07147203866596,251.03439372400007,399.16640662565095,2118.9365443042097,15.049161830274778,99.74054020594174,75.41566616020981
2025-03-01 00:21:00,4177.251886511416,2.2121670411768295,14.29848576298022,2.5825635420488924,124.3209764644598,250.20170722388838,401.02060688400235,2101.451542615854,13.5215824534696,100.84758939450703,76.42398137989849
2025-03-01 00:22:00,4161.610783294947,2.313154222938279,15.15914633245444,2.705742213188853,125.03162140138987,250.0764657522659,402.1320805172651,2110.397648561016,15.6365122614772,100.98718176144958,74.40918820998763
2025-03-01 00:23:00,4146.4656665815655,2.4150893315327253,15.444568699875825,2.4935597118777344,125.60800829811468,249.78615967504305,402.72181482644123,2106.314167512542,14.581661090666502,101.93510859444625,73.15310573521666
2025-03-01 00:24:00,4132.145218346761,2.51495985911127,14.425077485959367,2.643578047767866,124.89643365871082,250.05703814006353,400.6914847386728,2101.9224906664354,14.544407039718047,99.87052757854462,76.77834772374067
2025-03-01 00:25:00,4117.462829679897,2.617770513260513,15.013680548704318,2.5169829915177977,125.07219836252901,250.1402208810647,401.42452589711604,2091.647123437219,14.968318243575126,102.81065414924312,79.64337377263173
2025-03-01 00:26:00,4102.84785358833,2.7094152239275147,14.722717382154917,2.8284131457558157,124.87155939129603,250.26748559293125,403.751749153112,2102.1801226376224,14.472784437110713,91.64471066700173,81.45827126184597
2025-03-01 00:27:00,4088.4488561445855,2.820582958093298,15.44772280747618,2.6500070348856526,125.32564134456888,250.98922245889685,399.4881510290948,2108.4868243432056,15.244156483273647,111.16773416578306,78.6543378341444
2025-03-01 00:28:00,4073.5175298378017,2.9201809420933973,14.796779186564452,2.326971262499112,125.44633688508034,249.10989091465845,397.4831918193622,2097.0744145158733,14.97581456708847,99.59798400009966,82.93369652359559
2025-03-01 00:29:00,4058.4306779394656,3.0131927768254694,16.270937301592042,2.4798542445145553,125.37275356430902,250.32642911201833,401.5487233855902,2122.982536793052,14.094009568013753,93.01183473207215,71.01032416343138
2025-03-01 00:30:00,4043.735579619927,3.1120628482016226,14.633173438600759,2.5010767719120035,125.24656902593512,250.38405445470823,398.69060551118804,2074.9993082370734,13.94039349484716,98.87007137615333,75.39153724295343
2025-03-01 00:31:00,4028.972573645522,3.2081544481626865,14.160465944692278,2.2816687983023014,125.09215912960696,249.41814494295187,402.738882512317,2107.9822252997433,14.63185488569021,96.09159996106364,80.87249552446535
2025-03-01 00:32:00,4013.9800760320754,3.311289053678029,15.45332935786541,2.7693171209700482,125.6633687371163,250.02478208974517,399.50834033616655,2109.9919015567657,16.578788704275276,103.13460551534253,74.23885458241371
2025-03-01 00:33:00,3998.9209953010522,3.407148903246541,13.99617513145006,2.5211015838091773,124.94110264847733,251.10954705520226,402.7309682540595,2103.031707967029,16.92633288980758,95.85984956851208,79.58556958941418
2025-03-01 00:34:00,3983.65469169331,3.509806228259633,14.74799233923316,2.3849317500712823,125.77239561574758,249.54293537352808,399.34708245071096,2096.9696180097476,15.034490138970332,102.6573250130922,81.51603992311306
2025-03-01 00:35:00,3968.4180414740176,3.6100630414549633,15.04564777751115,2.5940266329934816,124.38548072685319,250.32037161391284,398.47425408541665,2102.233783322921,14.989206682477855,100.25681319533004,72.01300071910671
2025-03-01 00:36:00,3954.025240685117,3.7130860992844585,15.63348731345608,2.4294989827752307,125.28533016812194,251.52259134692224,399.4672156724344,2109.6843984759457,14.236279138237276,103.02305782949551,75.01262302208501
2025-03-01 00:37:00,3939.6759367212244,3.8076478949333326,14.241063238583305,2.3950646702192633,125.09922589402304,250.48537555552798,397.5503924866981,2116.054335374678,14.885906872076403,94.56179564887391,86.30355982109717
2025-03-01 00:38:00,3924.5344797493904,3.91444609506903,15.222965317427773,2.539849720750381,125.03899447635521,250.90008147748836,404.28387602327365,2104.1387195308052,14.53933064591395,106.79820013569731,75.14029474947188
2025-03-01 00:39:00,3909.49134566876,4.017815049918587,14.99413999341723,2.229158002856355,125.03849529785472,250.05286509498015,395.78978551237486,2108.4600712047136,14.12679179056866,103.36895484955683,72.2310787457472
2025-03-01 00:40:00,3894.5921914849114,4.11434601516099,14.704894700555487,2.936408310903772,125.14307517279902,250.40455222925252,399.66315718109655,2099.823581722174,16.149436593869684,96.53096524240283,88.53266623496278
2025-03-01 00:41:00,3879.4036894406745,4.2217134416942175,15.128631205430949,2.491590464768449,125.58957814360707,250.71144485502177,397.92216107576024,2099.1419180106495,15.222726950574213,107.36742653322752,75.71729352698449
2025-03-01 00:42:00,3865.3197413040457,4.333606987639076,15.028189497272766,2.7336466808979973,124.13751756860863,250.24618419509736,399.3466573037406,2102.61800238199,15.217572782306933,111.89354594485826,78.29610508437368
2025-03-01 00:43:00,3850.57956313758,4.434902664124071,15.923707900383855,2.7239445220277774,124.96635935274385,250.81645312807544,399.57285941677617,2110.1491810416346,14.184022448868145,101.29567648499619,78.9510046204185
2025-03-01 00:44:00,3835.711576954832,4.538554339913281,15.235820256911843,2.5740993552237934,125.68554973318582,249.26765846015715,394.06882891886056,2111.421485484564,15.26091860296167,103.65167578920922,77.59458851407024
2025-03-01 00:45:00,3820.5904640806943,4.637284863927109,15.811691803051888,2.4082588455349714,125.88834527519094,251.26898661444434,396.66149701979356,2108.3915971742817,15.882066598616053,98.73052401382783,81.88590250439019
2025-03-01 00:46:00,3805.4574530010473,4.737840592380941,15.05052881247402,2.6580446628857732,125.02222016454049,249.81484603593458,398.3038100233304,2092.85007201532,13.383811908954868,100.55572845383261,84.78937552693263
2025-03-01 00:47:00,3790.0011385852717,4.837974728073094,15.494925734486511,2.4516025446097527,125.2024426561617,249.80524334389315,398.08117028086485,2100.9193745887105,15.19564110932048,100.13413569215331,76.77589344865234
2025-03-01 00:48:00,3774.394401108868,4.935233594048461,15.119993567852376,2.3033787601700544,124.62673625979706,250.42917674789265,398.072194191921,2101.8212795659597,15.328377294810494,97.2588659753669,73.16998322613753
2025-03-01 00:49:00,3759.529808960267,5.040025879096596,14.950184227192791,2.5803857852265253,125.31463245119947,250.51918764128914,403.822456763874,2091.851745374139,16.043559126016085,104.79228504813523,83.60148991260164
2025-03-01 00:50:00,3744.0890358147476,5.127176316542739,16.467856520789518,2.2748098340260166,124.90176762881254,249.51057811617872,398.42166309141203,2105.6762170609627,14.862894790898919,87.15043744614304,78.12732557889116
2025-03-01 00:51:00,3730.3419259694624,5.227890822652988,15.37181712769743,2.3490210910832614,125.76898106014794,249.3798447687663,399.5248569734086,2103.958057461344,17.723238290943367,100.71450611024801,82.04701328533994
2025-03-01 00:52:00,3715.5417180235477,5.32937298392008,14.741875052369876,2.5329065209908874,124.68973483208458,250.34332979354775,400.80411565444416,2090.666277105978,15.758957697613626,101.48216126709177,74.81658111755154
2025-03-01 00:53:00,3700.5697261694145,5.428178168351437,14.931942162917196,1.9911782623981678,125.13228325215641,249.4466590907483,403.24515169503985,2094.0812412188197,16.30526281861266,98.8051844313569,79.53239824751287
2025-03-01 00:54:00,3686.005243742649,5.5337977992683625,14.833185555812847,2.4914182250872954,124.85130843149095,247.6004565854939,397.2913745886831,2106.992604590216,17.73857379731067,105.61963091692593,69.06776647144713
2025-03-01 00:55:00,3671.2453252416285,5.6328544583731635,15.665725288732828,2.7851916569631183,125.45287427268676,251.2342647357492,399.0890773136657,2107.077891563799,13.935555316593177,99.05665910480138,70.87000357921308
2025-03-01 00:56:00,3654.805806584242,5.733437154603978,15.6400037481912,2.5866832545627387,124.29408445293228,250.9132217082868,401.07721332116137,2098.946165338332,15.54126416155991,100.58269623081476,82.70063349151906
2025-03-01 00:57:00,3639.3266427356352,5.833377325165317,15.600568725382459,2.4309680293988554,125.62296661341355,250.43286657174414,403.52392438943514,2107.3505054136913,14.307940443045316,99.94017056133895,77.81339517818991
2025-03-01 00:58:00,3624.574533463994,5.9304974703310585,15.222997877911709,2.5835319976896582,124.56870026628192,251.2404844501794,400.19491191973117,2099.063279338101,15.066958048180712,97.12014516574055,79.8284805086966
2025-03-01 00:59:00,3610.2137030147856,6.032098631176108,14.484688565117922,2.470514251503421,124.62358072034309,250.44635141040126,399.5986491726333,2100.631209033242,15.544573106845322,101.60116084504988,78.13191408789075
2025-03-01 01:00:00,3594.5986108842762,6.140236849107809,14.159935060796823,2.7726538715379316,125.5056752165496,249.15714713916688,396.80397450982946,2098.47551997414,14.738659803726895,108.13821793170045,79.37650792102487
2025-03-01 01:01:00,3580.334281492738,6.239375406269472,15.308996587237484,2.263331073878049,125.27025482163683,249.35160449127872,398.9768195466833,2097.4320550606494,15.960880383093036,99.13855716166363,79.99081667827532
2025-03-01 01:02:00,3565.4497255988776,6.3444204495267424,15.276720569037549,2.292097536729532,124.91609177245228,248.9794593919445,402.09403028869593,2087.019618617092,14.873921505018613,105.0450432572694,73.92451840082947
2025-03-01 01:03:00,3550.1130727477534,6.446672305130148,14.079060843368229,2.483292491588466,125.038358767987,249.8706757840702,399.3408472731815,2090.819988563529,15.630853157263676,102.25185560340546,79.38208271342285
2025-03-01 01:04:00,3536.052916464216,6.543167055654032,15.021559572476127,2.708087243877164,123.35961537626892,250.3999629372194,399.7489216975527,2105.310240929709,16.111346939829378,96.49475052388432,85.18586335492404
2025-03-01 01:05:00,3521.2831264777847,6.651494236579264,14.846561449465762,2.9236114680177074,126.18845274019489,248.66804201844715,400.3592624002121,2102.9302692128745,16.260452344928392,108.32718092523226,83.43730628391874
2025-03-01 01:06:00,3505.6813868758604,6.7466872447872115,14.943830853275035,2.0641317922991806,125.78541746332381,249.83698071361613,400.03758327274994,2113.8727526926414,15.31626210143551,95.19300820794707,73.2267408700308
2025-03-01 01:07:00,3490.5543039445797,6.850872727731933,14.169602379532233,2.46530502905646,125.56755027640612,250.52671947456795,398.41484916588934,2096.5670587536847,16.182604392192133,104.18548294472208,74.87510021890417
2025-03-01 01:08:00,3474.5307040638513,6.959638680623972,14.621016605747764,2.637095961794946,124.61543080131231,248.79110146670644,401.97966616874606,2100.0608229059167,15.408742521668488,108.76595289203942,81.622205112046
2025-03-01 01:09:00,3459.4949445973575,7.068824640964213,14.585477307804886,2.40730596620168,124.69698112041671,251.87810032167218,398.97737407347273,2090.9033194360154,14.666196164776412,109.18596034023963,85.504118912759
2025-03-01 01:10:00,3444.2908126485686,7.163917982635591,15.109463955828899,2.7369259700583672,124.94024359304349,249.35627259287577,396.87392842895326,2095.108176506424,14.98669768440626,95.0933416713784,81.88630771678059
2025-03-01 01:11:00,3429.947581301524,7.261751068573213,14.97378897174318,2.257877414668209,125.45088401712093,249.859086903304,401.2307980876776,2098.4303836267745,16.91696205489151,97.83308593762197,82.29442346620328
2025-03-01 01:12:00,3414.936530196155,7.369461702960944,15.193768190338993,2.466073455817027,124.6207445358641,250.99271256633932,399.44329368082066,2103.265877430934,15.474335265721852,107.71063438773047,88.55964900236154
2025-03-01 01:13:00,3399.289170048042,7.462931860801578,14.582953001345846,2.6366940505781615,124.43737084921985,248.03311868729932,401.9665569203032,2089.1543774191473,15.042897510705272,93.47015784063382,82.38271147519356
2025-03-01 01:14:00,3385.217071158413,7.569700083484837,15.30938118569947,2.672568048778884,125.26149968294489,251.33203574999337,403.35170066415867,2104.900027539585,15.529981601485218,106.76822268325895,84.98994180580995
2025-03-01 01:15:00,3370.169247312412,7.671750610673169,15.608673985932125,2.6246609561974195,125.36543595619115,249.53473367107384,397.4929547574772,2091.9494702432467,14.988616884934583,102.05052718833208,90.82518631463918
2025-03-01 01:16:00,3355.63756879346,7.777834315233107,14.11962425882397,2.2590555818675804,125.36757894367342,250.41587432726794,401.31174551603726,2113.582964812145,15.314177298769339,106.0837045599377,77.89665336789672
2025-03-01 01:17:00,3340.8647779621315,7.883675334217157,14.984583840466911,2.7306269368256273,125.35921807514632,249.46465090312853,398.44149245760855,2115.6106340960564,15.077649124634469,105.8410189840502,86.75750999630593
2025-03-01 01:18:00,3326.209512747061,7.976193381849084,14.844267339387008,2.5883225237069665,124.46569941704566,249.17176288667486,399.12711356013943,2086.50044007887,16.451668576651052,92.51804763192735,77.85407969723133
2025-03-01 01:19:00,3310.593283523187,8.078050064669519,14.682757011395083,2.4395259737433177,124.72060111286976,251.37773385465306,399.50825115489795,2078.182065669654,14.324942965384023,101.85668282043349,73.29558481619813
2025-03-01 01:20:00,3295.973414371405,8.180550829711681,15.919094221084137,2.7162963860108995,125.38926197067875,249.60717581400186,401.49711382450414,2100.4431858603116,15.451243302410159,102.50076504216176,68.48893423150648
2025-03-01 01:21:00,3280.9874724303495,8.273720777293846,16.13052633562436,2.631491343228378,124.69779109104236,251.6893216862565,403.1856634793962,2087.1907960717726,16.004176955372735,93.16994758216443,81.94506844673079
2025-03-01 01:22:00,3266.0749725099345,8.37995667470947,14.766540069140941,2.4765401646380005,124.71697727720742,248.3838669524817,399.69315311204184,2087.3675679153353,13.973055516118757,106.23589741562454,80.3420788041546
2025-03-01 01:23:00,3251.234633695538,8.481163901949447,15.135221483852275,2.5128820662215494,124.23360133945823,250.74557111405747,400.16571280602756,2123.4622308979187,16.538157414945736,101.2072272399763,70.42322110139122
2025-03-01 01:24:00,3236.0141251753453,8.583255599132697,15.017660338843905,2.4786213964752317,124.31617162053973,251.22044608747336,398.9257987165188,2098.827143535622,15.493187839584719,102.09169718325109,78.36787760283136
2025-03-01 01:25:00,3220.190749144587,8.674566402752031,14.94298668811044,2.2746042458501514,124.60331632599727,248.00829119873012,400.9777898697696,2097.903219778773,15.673103326048503,91.31080361933371,76.54724626125159
2025-03-01 01:26:00,3205.301541358806,8.771517160590648,14.725811233796833,2.532500088662666,124.78752023372363,250.3406109183766,399.9905258945166,2082.095619956461,14.490520936484618,96.95075783861657,84.38209933941363
2025-03-01 01:27:00,3191.185654328521,8.881274034663724,14.44992568095753,2.7832530268891706,124.6775353569765,249.60961988144072,397.40179248180806,2104.192749106361,13.626414817567909,109.75687407307657,72.4962369982175
2025-03-01 01:28:00,3176.844062324477,8.991251720361817,15.510139963109243,2.348812896434158,125.35515206971043,250.29952763619244,401.6604284390294,2098.396320840253,16.07201190492461,109.97768569809345,69.47457061844521
2025-03-01 01:29:00,3161.227501875575,9.093543462432196,15.444335284453514,2.591035857241132,125.20175373330963,251.27221416946279,396.39388537075484,2088.8815472982947,15.832802898564115,102.29174207037724,81.69813366584505
2025-03-01 01:30:00,3145.689140355337,9.190557564121972,14.751896243770519,2.2645307400090107,124.98987612985005,248.80671410192164,397.5713946491418,2100.2188415169126,15.1486423720249,97.01410168977824,74.05765382867176
2025-03-01 01:31:00,3131.4223954769373,9.286600298351294,14.960455723255969,2.558180354834878,125.75742613994429,250.05888302889727,400.8430978404369,2102.2948617186516,16.091499278661697,96.04273422931996,83.95524548754052
2025-03-01 01:32:00,3116.961633123246,9.389826061242797,15.391742292552943,2.5699628693525645,124.6918271029947,250.74622743819646,398.189187117983,2102.6198106742922,15.199841563602847,103.22576289150348,86.25603151510316
2025-03-01 01:33:00,3102.2662698063077,9.481036733784261,15.386248449576149,2.54207337486583,125.10274817228402,250.4879953347516,395.9532184405689,2093.633749983718,16.156459192220318,91.21067254146547,86.63486174151575
2025-03-01 01:34:00,3087.396648100123,9.583135135762623,15.27778676034408,2.5038574934047957,124.46456532044398,249.94717816086097,398.00071755843794,2107.6467960635823,14.508891478769026,102.0984019783608,78.13494998262772
2025-03-01 01:35:00,3071.950227485034,9.68569362837579,15.023337073330618,2.696862216218693,125.01169648571138,248.41463723887279,399.95226055586744,2110.057937009076,15.530979845561708,102.5584926131675,84.89381803541058
2025-03-01 01:36:00,3057.4180903060314,9.77869795769883,15.075176680661608,2.612973997442812,125.0191968678671,250.3125949643154,401.2094590525515,2108.3865655719605,13.66857500295503,93.00432932304105,73.44698586657125
2025-03-01 01:37:00,3042.9118398334217,9.87583248913939,14.472441425709484,2.3005529334389196,125.4930868638663,249.50407626796292,400.3517304472876,2103.3551778789765,17.00702626895704,97.1345314405596,80.00057373417067
2025-03-01 01:38:00,3028.3470241061855,9.978983427609512,14.496715673399413,2.28072357373556,124.9472663613154,250.16793988736035,399.28698339701214,2107.2952555914526,14.468566261467085,103.15093847012196,79.03443740545814
2025-03-01 01:39:00,3013.9279896006797,10.076719337622169,14.973418976579502,2.562185830357981,125.35197755709531,250.67342243305583,398.58770427220145,2084.0762108819795,13.555336195880496,97.7359100126575,82.74703892881706
2025-03-01 01:40:00,2999.491033204659,10.179189575467436,15.2116118170136,2.641660765999113,124.82856659984039,249.87046490399356,398.2820639792677,2100.9093598229783,15.434208541863137,102.47023784526715,84.85736872662754
2025-03-01 01:41:00,2985.4117044329296,10.281545027856732,14.953356825556437,2.351657619171681,124.50136837083632,250.6133082179377,402.897662492217,2098.2685538905616,14.031851048005283,102.35545238929359,80.04958960854488
2025-03-01 01:42:00,2970.2313234285234,10.382671583166971,14.610721514931333,2.3239665157861813,125.67272065555773,251.54098858114676,398.3531746003124,2093.243134754884,16.976398248247037,101.12655531023954,85.51471117314179
2025-03-01 01:43:00,2955.1423517850308,10.47827156612084,15.075535360303233,2.6709912507225084,125.167099937754,251.53963313592897,398.80264923434993,2113.532690159005,14.806338662587379,95.59998295386889,83.11276363855515
2025-03-01 01:44:00,2940.3852233562734,10.576148741555619,15.303226219881854,2.360491338815888,125.60760585885681,250.1544039341846,402.9036565405589,2118.239202987725,15.459829549427266,97.87717543477781,78.37577405357523
2025-03-01 01:45:00,2924.6154853477315,10.676376058076384,15.500626576499833,2.2991482164071937,125.76664966555074,250.248398673396,400.25689733551343,2085.376800048911,14.879747470358703,100.2273165207663,75.24401481018938
2025-03-01 01:46:00,2909.344750454955,10.777211645031285,14.663733379541542,2.2281060766665806,125.81973372376878,250.68324050476426,400.9098327143908,2108.019638396443,14.367726420702178,100.83558695489869,81.66776800574483
2025-03-01 01:47:00,2894.72468833065,10.863549569364697,14.948102595138934,2.416348001199884,125.16497116753509,250.36949520459973,397.19652984440273,2108.8591752819416,16.489082427831246,86.33792433341344,78.11344748717084
2025-03-01 01:48:00,2880.495178508733,10.962472435284734,15.30900715036548,2.2451014215124534,124.85602437852071,252.5996114155109,396.87267717660853,2107.153014885189,14.638892100215836,98.92286592003717,80.17446858573844
2025-03-01 01:49:00,2866.0627871266306,11.058335154437906,15.410954087447603,2.4203044363367363,125.68469128366998,250.73180588148588,400.5698817679973,2122.555587924629,14.203522732638385,95.86271915316965,86.87312591297656
2025-03-01 01:50:00,2850.8123208945303,11.161648776734653,15.048506585452659,2.5510837499376255,124.7450394514093,249.74126068851857,399.2527014594303,2102.428236456707,14.362392115487248,103.31362229674814,81.02160679695702
2025-03-01 01:51:00,2835.866691913663,11.260000481151934,13.761977315588402,2.2618463863128597,126.20672547750365,248.47388581721586,398.7803333111816,2083.7106179629495,15.348503736899296,98.35170441728086,77.56227166682082
2025-03-01 01:52:00,2820.40066595047,11.359474522096706,14.14247613009282,2.511734816197526,124.68657201471588,251.45763364115922,404.0820474464171,2088.685440245089,16.05486538167152,99.47404094477206,85.23386631279165
2025-03-01 01:53:00,2804.97803007595,11.462000398758123,15.342628926728622,2.218131636900936,125.2650698427411,249.37931557357163,397.5164439394387,2096.0182100928014,14.698320451676306,102.525876661418,84.17505829822058
2025-03-01 01:54:00,2790.3060078990316,11.562049331876459,15.654501746934285,2.315999799216154,124.6039963420492,250.5021501179927,399.2037927458044,2105.6157696314026,13.891067801700256,100.04893311833487,76.55505868025928
2025-03-01 01:55:00,2775.344264094952,11.654312208508292,15.100610266956787,2.7975542286456743,125.09351069472099,250.8115729860288,399.668830500135,2108.671990003806,17.135326306694267,92.26287663183369,76.11220017689037
2025-03-01 01:56:00,2760.3736889811526,11.75191449123556,15.00133215605379,2.3836522818041543,124.74036265755016,248.72519095371135,400.78584948325016,2083.758995599,15.747139429007063,97.60228272726754,72.53840506378303
2025-03-01 01:57:00,2744.8581962937556,11.849725352821908,14.453673028654922,2.2695269784898446,125.58443266404107,248.026894415215,399.4748083887141,2104.033172993274,16.011454014614518,97.81086158634704,83.15790293162526
2025-03-01 01:58:00,2728.935261794879,11.945903491355022,15.175637269462959,2.6212363899185687,124.91254240594319,249.16769220202414,399.26041888889716,2093.4902353836314,16.501187094073995,96.17813853311424,74.342195673834
2025-03-01 01:59:00,2714.279826350402,12.050058871990121,14.849404957939903,2.7479522412525523,125.87813090289512,249.5534991885095,400.9450535971053,2093.1932567985905,16.51473157143693,104.15538063509896,73.73353357724233
2025-03-01 02:00:00,2698.7119281016808,12.159129081736383,14.356524724341508,2.908037413306419,124.64248491427719,250.92488283199643,400.9527632047516,2117.3630681278773,15.068595757784907,109.07020974626177,73.08307787464034
2025-03-01 02:01:00,2685.0226165218246,12.25528063877513,15.306331825581378,2.5200182480976103,125.19985141921376,251.62339263845308,402.07808659454867,2095.942347340821,16.07704223928385,96.15155703874743,79.21295404458539
2025-03-01 02:02:00,2669.1577953386154,12.34682640020797,15.191265429036777,2.5677117501018856,125.58791637733545,252.0504932531591,400.5125187266259,2081.2084622525126,16.1389767343569,91.54576143284045,69.2795423037324
2025-03-01 02:03:00,2654.4365071569596,12.44122309677595,15.679217385317362,2.275492672769012,125.48957331807401,249.14248172053234,396.75999435346745,2087.580871993956,13.893237089022893,94.39669656797943,79.81708982816191
2025-03-01 02:04:00,2638.388623540834,12.53889807202083,15.616187641591246,2.649772362790152,125.30663689265836,250.05465612519413,402.2577036768882,2094.631640690928,14.845216157530169,97.67497524488006,79.61171793644374
2025-03-01 02:05:00,2622.5132533241995,12.625739398392927,14.178081420028425,2.659026916287867,124.96953777805317,249.65574128573917,398.6772112661347,2109.7779275622306,14.18673435059089,86.84132637209783,82.26604650812936
2025-03-01 02:06:00,2606.8060677292215,12.723413774141113,14.190259602517203,2.209196634876545,125.3440927754814,251.1193543726277,402.63228024421124,2100.054063202445,14.536665032947836,97.67437574818621,78.04266588071258
2025-03-01 02:07:00,2592.524757308124,12.818512510965817,15.778401056767372,2.551109807751106,123.76489468013656,249.93640605187687,400.4359029118905,2096.30824577684,16.85720237230324,95.09873682470513,71.01942239145541
2025-03-01 02:08:00,2577.0226965974202,12.916233665705308,14.877883723035833,2.4928227506720306,124.92655576259592,250.3098481191541,402.55476200615743,2084.425932144853,13.067932061494183,97.72115473949101,77.59169153165882
2025-03-01 02:09:00,2561.9145010219045,13.008414999889103,15.50178124212602,2.432637028997379,125.02975000696301,250.31632228769917,399.25938850615455,2109.575170708073,16.21167827182223,92.18133418379541,79.64138505745855
2025-03-01 02:10:00,2546.95963196718,13.102393919164179,14.465695880209225,2.3573263575935037,124.07460931617578,249.271765341642,402.63136557118804,2099.0899545526727,14.563841148042389,93.97891927507641,80.37227510924873
2025-03-01 02:11:00,2532.3396704762827,13.202909233017111,16.505053320607782,2.4293567037395816,125.24406366109493,251.21785074960798,396.5344550070074,2102.5742092217124,16.150778418742156,100.51531385293242,83.63716132476647
2025-03-01 02:12:00,2517.544272532081,13.301584006767998,15.077474285160848,2.712428627941838,124.51949700104261,250.81492156130068,400.5049621693173,2100.5304231743266,16.515158896627334,98.67477375088592,79.0946119553803
2025-03-01 02:13:00,2502.007894167231,13.39549726616302,14.413745390380859,2.480580195398087,125.25960779973184,250.7413806536082,396.2134662376472,2093.509043930634,15.27816047066741,93.91325939502244,81.61649978946511
2025-03-01 02:14:00,2486.2277202044374,13.498326746970676,15.170787014013428,2.5170480996282754,125.02236585298158,249.1818830178056,402.4310644196792,2095.864778969356,15.861194787411586,102.82948080765499,78.03335903054688
2025-03-01 02:15:00,2471.9895970768716,13.59581685355858,15.472501671799838,2.4822732725156516,124.57919998396561,249.5944865439277,400.16762198815536,2090.2023177956607,15.209585151489271,97.49010658790392,88.84680151695662
2025-03-01 02:16:00,2456.7795383995453,13.695893100538122,15.197288153480002,2.0055984829732894,124.90941853150488,250.40752247967293,399.79434369204705,2119.521585218391,14.485899021408938,100.0762469795435,81.31467008581514
2025-03-01 02:17:00,2441.5057411864805,13.7959186281239,14.15067441444512,2.379645078679807,124.15036613991822,249.05993812559453,404.0233913219644,2094.6097746420696,15.439959377916043,100.02552758577718,83.15850603356718
2025-03-01 02:18:00,2427.1215673847096,13.896253651545097,14.646304219253457,2.537004730683369,125.96423407674048,250.7364092405147,400.1159771176692,2096.679347216624,15.593874526072092,100.33502342119696,73.21424525682319
2025-03-01 02:19:00,2412.116094188728,14.004933472124437,14.15621853387429,2.681047985355529,123.94833891323137,249.562460511818,398.9356831016036,2097.3165870440853,15.699467837428891,108.67982057933915,81.31624962827944
2025-03-01 02:20:00,2396.53620560553,14.092500319416608,15.05001959641983,2.6181686774464765,124.8786263220891,247.35548640316992,403.4406905319149,2102.335015999416,15.631105236951134,87.56684729217092,81.33289446156441
2025-03-01 02:21:00,2380.691190479044,14.193895814564996,14.984622456009166,2.3049708221402474,124.41361270145462,249.96703022679054,400.80741756245146,2079.871723475387,16.99078783041214,101.39549514838836,79.7940843537949
2025-03-01 02:22:00,2365.610380339078,14.28731743423214,14.383346580011647,2.5508022983273477,125.25548476523427,250.34322287621188,400.85523635387403,2108.18004196367,15.803858925682546,93.42161966714471,78.03443679879848
2025-03-01 02:23:00,2351.2052725631693,14.389547974265334,14.903473906567623,2.3491736167090798,125.06862406954325,250.99021541241885,396.26235390602255,2097.801201842078,16.87829208824583,102.2305400331933,82.15410356048592
2025-03-01 02:24:00,2335.0816903682335,14.490817187951059,14.386529496826071,2.339370067198085,124.09918174009887,249.58183900284055,400.41845497324687,2109.202348183625,16.537463856029483,101.26921368572572,82.9287882072177
2025-03-01 02:25:00,2320.4593773278307,14.589904141683949,14.866808835082079,2.830787237535038,124.80260405568112,250.4268086785939,400.68516890510926,2101.7428658353174,15.880085593000388,99.08695373288901,75.06165772033563
2025-03-01 02:26:00,2305.042654505242,14.68618117462817,14.790247311419984,2.4685086630817983,125.42119210354613,252.1437555939582,400.06265696513464,2092.2853273644314,15.264630966995416,96.27703294422116,84.6283307021949
2025-03-01 02:27:00,2290.0899088108704,14.791807616668216,14.524177883100176,2.9387372099371176,125.57368011184677,251.11957086349472,401.3704890245202,2094.732711263808,15.1459661418633,105.62644204004533,87.62771718751941
2025-03-01 02:28:00,2274.1466293103663,14.888408999441447,14.998563859289092,2.5922707920121697,125.52600365892886,249.33836453420258,399.91063624317195,2110.671224845903,14.454972274081507,96.60138277323097,76.93469905701228
2025-03-01 02:29:00,2258.6535416613665,14.984758804753227,15.64193025351679,2.709501733301432,125.30431174760733,249.2116208767726,400.3635546643805,2090.832274888772,14.88376847654643,96.34980531177922,71.58382787956127
2025-03-01 02:30:00,2243.391593284734,15.0787976393908,15.086399463247274,2.256198343569934,125.50864131518583,251.14170783667822,398.0437786261976,2099.39708249058,14.503685466327722,94.03883463757332,70.88622109106166
2025-03-01 02:31:00,2228.7102525525456,15.185804326699719,15.453675902401633,2.171683874592273,125.15262089760122,251.01309618200673,397.1729033569142,2093.826458663132,16.59370443491443,107.00668730892059,78.85117994599969
2025-03-01 02:32:00,2213.722338471283,15.286275938311721,15.082802079304223,2.397693723054413,124.22884997352105,250.47185944941336,402.94105691666647,2107.5880663047114,15.814345023553635,100.47161161200164,73.89981571143021
2025-03-01 02:33:00,2198.6477228876606,15.401047719976118,15.20774231947761,2.414162982584019,124.41329087318901,249.26351999376064,402.3749310471701,2102.3515819744293,15.152254784341366,114.77178166439703,81.46116288196919
2025-03-01 02:34:00,2183.1774578160207,15.505203781052279,15.622920927418098,2.420507339120167,124.25217985431013,248.98641308987789,401.48253012485304,2086.413363445129,15.2867497676125,104.15606107616053,79.63558191489305
2025-03-01 02:35:00,2167.9930432166275,15.60570804357526,14.89327384677136,2.869220352367926,125.34043264200432,249.22334622170902,403.2500978473271,2087.655377754711,16.36023399125426,100.50426252298375,75.23743800258781
2025-03-01 02:36:00,2153.4348829061432,15.706191075389341,14.618825743428031,2.217024401189163,124.72618174847214,250.3571920835797,402.14642179783607,2113.3447071451365,14.786149116522665,100.48303181407974,82.00553363587827
2025-03-01 02:37:00,2138.0745187994526,15.818629761607896,14.429062712781134,2.7469294837401383,125.33944727668468,249.1213122624377,399.0660554160071,2106.0467866043223,14.388489881655989,112.43868621855559,78.54039256309326
2025-03-01 02:38:00,2123.0693409753408,15.920729916410851,15.06699677953688,2.504813595099488,125.18996239720657,249.29852889435617,400.562784890032,2085.3837126161684,15.391208588405252,102.10015480295688,79.31260139645751
2025-03-01 02:39:00,2108.351358749615,16.01394180640623,14.480230527761218,2.3436128776998277,124.2520112726165,250.74837831541134,402.31001622614184,2094.991297671629,15.060541471767506,93.21188999537603,77.06551972384364
2025-03-01 02:40:00,2094.171465751218,16.110153532269017,14.922194091812372,2.431535676114808,125.54207370366557,251.59880777096072,402.0244155223584,2092.8942129059033,15.423776216756913,96.21172586278902,74.58086329993532
2025-03-01 02:41:00,2078.596809361961,16.21431510973649,14.898341600243732,2.533533294187322,125.17386791229018,249.84434321485216,398.17637818930405,2098.3712982499446,14.270198267958571,104.16157746747008,82.72214922881271
2025-03-01 02:42:00,2063.415360406276,16.308711049413706,14.50164770710145,2.4762770888509067,125.11563479517255,250.3951786036687,400.9023599589518,2091.237087276362,14.05405012562283,94.39593967721814,77.92487918811301
2025-03-01 02:43:00,2047.2168097864746,16.408512965020396,15.156966951073084,2.211086356699868,124.99474379938293,251.0473083757389,402.8501221931876,2103.153663194712,14.54762640683061,99.80191560668958,89.98743918075877
2025-03-01 02:44:00,2032.8263877716333,16.506918084676172,14.674227451113575,2.8902777437104517,125.16043121623683,248.44454906020465,401.11811230844995,2111.605588387606,15.655755723834305,98.40511965577791,81.00530322946209
2025-03-01 02:45:00,2017.5472306574745,16.604921736878108,15.229969575211067,2.566764069448132,124.9952064812109,248.95780332079258,400.1831537354706,2099.26853901736,13.422496892963958,98.00365220193324,85.1028002545978
2025-03-01 02:46:00,2002.2743545150265,16.701578064924618,14.57417522637472,2.5672316353946814,126.09637429664723,250.0593454344421,403.0026283904872,2096.913420249917,14.353202125973798,96.6563280465131,76.50217082010784
2025-03-01 02:47:00,1987.6558133955257,16.789756554802146,15.193257327619042,2.4212877311339103,125.21350736985578,251.6454286647873,401.7818007397938,2104.248280838287,15.051346683371406,88.1784898775264,78.25604366540966
2025-03-01 02:48:00,1972.2964312586478,16.88524979782098,15.274476212342895,2.3244177891719033,125.26234138753567,249.12119174513518,402.8016730804225,2099.9842446686866,15.559403719037673,95.49324301883394,79.57502652508661
2025-03-01 02:49:00,1957.3681808249676,16.98786448660005,15.181692355987142,2.4320579661564445,124.32446744276425,247.80687771196918,397.49183389202665,2103.852432406318,16.97528848640254,102.61468877907106,81.50227128407494
2025-03-01 02:50:00,1941.980485081126,17.087538169017343,14.5082513001538,2.399577689822432,125.39417068531148,249.32523502995818,397.74335086052434,2110.033960877929,15.573345588871879,99.67368241729079,84.88753289205526
2025-03-01 02:51:00,1926.3805854731374,17.186859561488692,14.509857692274412,2.805903528780598,125.20982411932596,248.13008996133473,397.14220247233123,2111.9083061462866,15.187024423607062,99.32139247134997,78.63184667316152
2025-03-01 02:52:00,1911.390946037307,17.29098662905999,15.930217350658074,2.270674297850032,125.31381356426382,250.5915198381365,403.4531985624671,2096.672384525797,13.444952241761497,104.12706757129936,81.81560566060095
2025-03-01 02:53:00,1895.9000055155088,17.394913393090533,14.754860875166155,2.2685539203684977,125.3376694880482,250.16574806198233,398.76155018102577,2105.4221242436047,16.885812024983114,103.92676403054524,79.5870402533552
2025-03-01 02:54:00,1880.8310723140664,17.50160393148101,14.217678411882936,2.390729205211528,124.73205479697512,250.3357483637234,401.61714679022,2100.5296804830327,14.705457376094097,106.69053839047953,79.36830074484344
2025-03-01 02:55:00,1865.6344080422277,17.60085161736913,14.435122980163243,2.4010927314069157,124.62797044676026,249.1867869231058,398.2133378168046,2094.632584498013,16.00009629272411,99.24768588812147,75.31452834288594
2025-03-01 02:56:00,1850.0276764663788,17.705017636183406,14.933555816506196,2.5062406781155597,124.98270826000821,250.59312116658373,405.8862294275613,2110.3726103635727,15.419225803723227,104.16601881427293,80.9386526661491
2025-03-01 02:57:00,1834.5556743151333,17.807228132676087,14.590830003742171,2.627509545837237,124.03660651944126,249.32926024289358,400.8877273459711,2114.7615105562227,17.24717214805367,102.21049649268194,80.82220487378675
2025-03-01 02:58:00,1820.5642783632538,17.903694362529528,14.798156734634084,2.4808429735326696,124.9144374665003,250.26227081839795,398.8827320228804,2093.8245007125483,14.18579308710619,96.46622985344058,82.50170261780548
2025-03-01 02:59:00,1805.4848474588825,17.997512003582774,14.974483078306474,2.6857684403494506,125.10891066894162,250.70084211291012,400.52096769818667,2095.2107803661506,15.549810612205057,93.81764105324648,74.33824458313649
2025-03-01 03:00:00,1791.2063791206554,18.092976419843776,15.19999875781104,2.218948738331171,124.64520645247774,248.457986570752,401.17844997014896,2095.5384859962683,16.20839752751331,95.46441626100312,84.1545871463716
2025-03-01 03:01:00,1776.453880307155,18.19294643545725,15.105910195204395,2.533652967005441,124.65816981931395,251.24082970146847,401.10854397200353,2090.599192016516,14.280752927127299,99.97001561347662,88.74525163289704
2025-03-01 03:02:00,1761.2009562197468,18.291933356786977,14.235375642458775,2.137036081605444,125.38248251561792,249.78897399072068,396.77099720793603,2101.7939400536,15.152454413254866,98.98692132972425,75.09809734213664
2025-03-01 03:03:00,1746.7921702050337,18.395055532033055,15.793290850014714,2.5698085857320345,125.18808996259429,250.68136402164765,400.70630790679536,2093.494867948902,15.71341900616297,103.12217524607964,81.53157926203981
2025-03-01 03:04:00,1731.4837381347884,18.49934044033816,14.751102051488955,2.2441469406610906,123.49387632951111,251.41524498318296,400.5373200020735,2087.6152709480807,16.37244837892117,104.28490830509939,82.20742238059714
2025-03-01 03:05:00,1716.5626335243605,18.606298037985145,15.222162965561209,2.2575118179515448,125.33714980107347,252.00022577099713,397.3002413291341,2110.1482375148366,15.220454215949033,106.95759764698417,83.69153262613911
2025-03-01 03:06:00,1702.3245885030021,18.699335318831384,15.596647092681373,2.446352580456909,125.0912218307843,249.58527288767215,402.31804237782376,2104.0579750836387,14.754826343552411,93.0372808462416,77.73658246071177
2025-03-01 03:07:00,1686.9953061676806,18.794029758729184,14.829484995779422,2.619786250681219,125.35313044223358,248.44187493435243,396.7807394690403,2110.1500393923716,14.883646142885496,94.6944398978025,85.71268582097812
2025-03-01 03:08:00,1671.813353207588,18.890612925804785,15.036472472294054,2.469484744558459,125.45466727132339,248.54283540198276,404.7584061185973,2097.833028793917,14.46275885740948,96.58316707559781,87.39524988393639
2025-03-01 03:09:00,1657.2618712432727,18.993628621573613,14.533096041742443,2.506395072533134,124.44411470620699,246.69360718491097,397.8743299120514,2098.860132811166,13.90118658791219,103.01569576883013,78.67714564754077
2025-03-01 03:10:00,1642.772348799318,19.093260072069832,15.314692760408876,2.643307435716978,125.37626748754926,249.51945091144975,398.86261049300754,2092.16224534854,14.02272762397204,99.63145049621663,82.22368721445676
2025-03-01 03:11:00,1627.743867972514,19.190619131256383,14.777591759352447,2.6099637003336187,124.4468182535248,251.3467310300565,400.48189596544995,2082.2885608364377,15.61341048485206,97.3590591865505,87.2956162101579
2025-03-01 03:12:00,1612.3327943373008,19.28420102905831,14.752241623189251,2.4474497834790045,125.90363092002146,251.86185081095766,400.92433815618915,2102.519002394181,15.216446973996554,93.58189780192701,75.82621387302864
2025-03-01 03:13:00,1598.1949312038034,19.37704104482052,14.96148634739347,2.2067778791146124,125.14401849311096,250.70120225851448,399.57241492121614,2085.4552953372486,15.183382397118011,92.84001576221054,79.82922779398415
2025-03-01 03:14:00,1582.9713031468755,19.47246379923065,14.85389580116871,2.3982142315146664,124.90041000634614,250.82971748284658,403.44967736531817,2088.420972759908,14.308317605676255,95.42275441013209,84.77187045184677
2025-03-01 03:15:00,1568.3054301286322,19.57376162034824,15.68252983450067,2.3996486254200535,125.1660754132082,249.30702275950503,400.3202126380003,2095.094294326546,16.726548297486744,101.29782111759043,82.58049970044178
2025-03-01 03:16:00,1553.531001616471,19.671130945787233,14.975214785287083,2.3601279991162696,124.94559111147993,248.47916015561702,399.16706363337124,2080.0596132312285,14.025057688162027,97.3693254389934,80.17222776413318
2025-03-01 03:17:00,1538.9896565624563,19.767045506742356,14.61758426198806,2.4451259054091947,126.11328344606719,250.66245413086202,401.24561495077893,2112.239120522199,13.466437288482794,95.91456095512268,80.33623709096578
2025-03-01 03:18:00,1523.1274433026465,19.86482759896679,15.011127232512917,2.6383729752979885,124.62387240848413,251.82602975399143,398.1455526921918,2104.188888902103,14.655929102279543,97.78209222443212,71.28954093928363
2025-03-01 03:19:00,1508.171246382451,19.965171865914883,14.76664222170545,2.4268966489677077,125.59602946188936,251.21028683780938,400.5069882937526,2095.984100344604,15.447309490665878,100.34426694809498,84.12504864135121
2025-03-01 03:20:00,1493.480159041768,20.067160761888076,14.862840642016021,2.255410486271825,123.82743726628247,247.69190377030762,400.4230945288126,2099.7433054052967,13.073739909487022,101.98889597319561,83.50153920881648
2025-03-01 03:21:00,1477.8780234868525,20.164228997338103,15.358959036357708,2.5036468850050992,125.42343985208204,250.02933692796822,398.30953808167914,2106.473718735977,12.612679133569817,97.06823545002908,81.62139961312727
2025-03-01 03:22:00,1463.6051980503762,20.26804212673706,15.294612703977094,2.8453527539701824,124.64526401925903,249.49968443282825,401.01406562533793,2091.511078446326,14.390787918922426,103.81312939895821,85.16097950802559
2025-03-01 03:23:00,1447.8540158594815,20.369749163494898,13.445562563772246,2.5424714642313844,124.29483110886125,249.90908284136458,402.1590040057596,2085.2634419470355,13.513390162423677,101.70703675783444,79.00689622447716
2025-03-01 03:24:00,1432.7554206709115,20.468007915201163,14.958180616608038,2.772984487518208,124.77274614974642,252.032616369026,399.7783296700403,2094.980186794759,15.417848675072703,98.25875170626837,69.37360286168334
2025-03-01 03:25:00,1418.403691249147,20.560022992168456,14.430996688271804,2.2859317350914923,125.62054395448395,250.87007403632012,402.9604918638424,2103.8110675067874,12.963419828927748,92.01507696728959,80.1342885192588
2025-03-01 03:26:00,1403.4143375499216,20.65444267228206,15.112423013380182,2.4623777069625437,123.55800450607478,250.16208875674403,400.16160866886304,2116.6243927890428,16.058036395618345,94.41968011360393,76.83395649184938
2025-03-01 03:27:00,1388.133388841526,20.757297658158738,14.985924042606529,2.7681978372049256,124.72974889130379,249.6354721254844,398.14718222092523,2099.637848210582,14.474562520848846,102.85498587668368,77.84904925670999
2025-03-01 03:28:00,1373.3144919251426,20.864764384393865,14.501055923577555,2.3822197627639015,124.76709738564793,249.88674317321986,402.8724626242726,2113.156777069416,13.93580149023448,107.46672623512568,85.13289186237074
2025-03-01 03:29:00,1359.0986918327922,20.962021074378153,14.51884501180095,2.359967182865269,124.437234213507,250.20365741355573,400.0428309504831,2095.580336666759,14.594195435715196,97.25668998429038,74.84776749798128
2025-03-01 03:30:00,1343.107947407017,21.066014453496265,14.80746036249629,2.6921586726858693,125.33365783621745,250.53095367520638,400.3101578313787,2091.8575608206415,15.487663140675005,103.99337911811135,77.64541799151553
2025-03-01 03:31:00,1327.8181539891589,21.162579473929867,14.250678561362152,2.371450207046609,123.6873177061896,249.2189789602324,400.01645965834774,2098.9289595379255,15.715749545023472,96.5650204336014,79.17124296767014
2025-03-01 03:32:00,1313.0442098912768,21.264103622536396,14.224682902720536,2.4660242026414867,123.94386850133753,247.7433271681307,402.6217962922051,2117.9991557702124,14.641509805244988,101.52414860653064,77.00299858934649
2025-03-01 03:33:00,1298.501902261325,21.36513250136886,14.602909507991754,2.3553489183777345,124.40317985623092,250.88574127451906,401.82667837274823,2105.6077517579624,15.155892313202177,101.0288788324621,75.81716458871124
2025-03-01 03:34:00,1283.5452329473046,21.464615627206634,14.248625711720301,2.813348646367139,125.47683683348052,249.55196362850302,396.0951486532368,2101.0004983960534,14.287245021506441,99.48312583777435,86.30624464124111
2025-03-01 03:35:00,1268.974488521555,21.55938989674965,15.30347608281208,2.796830007550098,124.6592832955023,249.83128398509245,399.1899051461926,2100.0633216572405,15.386562733081863,94.77426954301568,75.70083135254572
2025-03-01 03:36:00,1253.4166839481663,21.655747543788994,14.97087031880713,2.8440518759396776,124.8999259705662,249.74770689670135,398.52677282486354,2105.8191346606227,14.668081398824608,96.35764703934534,84.8083363431869
2025-03-01 03:37:00,1238.3648194046605,21.757667454032415,14.954993770903835,2.3633621317028957,125.05551930317567,250.23342515290383,400.1911760411839,2093.975380290723,15.09849449738135,101.91991024342146,75.82515887087077
2025-03-01 03:38:00,1223.7024114752576,21.853611570267876,14.66096191193947,2.5497546469364054,125.47288089842934,250.9495638704351,402.3546696775279,2112.6895105519134,13.360919281050826,95.94411623546122,82.18044407368554
2025-03-01 03:39:00,1208.9021869716098,21.953907126132382,15.109097477379931,2.617374427163959,125.8457870203024,251.699160874842,399.91220186045285,2109.107677594021,14.005641310610436,100.2955558645044,87.05285070199834
2025-03-01 03:40:00,1193.5842579022442,22.053512643044396,14.692549227928449,2.485137242730742,125.37160920208767,249.04121832606438,403.838533857166,2092.218010066035,16.733364772466018,99.605516912017,79.85872060486369
2025-03-01 03:41:00,1179.0353002817064,22.156457555642653,15.655150370698347,2.6001036387147676,125.0486534462416,251.1340276556842,398.40227739019076,2105.011299401662,15.958709382409374,102.94491259825686,75.07051050919733
2025-03-01 03:42:00,1163.6853714165602,22.258818835558877,15.44947737659015,2.5590887200230257,125.04443794935635,250.67543835340413,396.4860765223,2101.5277139709465,15.997296695606336,102.36127991622236,83.47990886737185
2025-03-01 03:43:00,1148.7556560037638,22.35857786160593,16.096206354602625,2.321988837995577,124.93098720748516,248.7755431321702,398.5956652633995,2093.035653426169,14.134579850564792,99.75902604705446,80.58036382798394
2025-03-01 03:44:00,1134.5605951483737,22.459968731569408,14.933097119589473,2.535886600603036,124.51692476207145,250.4618085931473,401.78990236111605,2109.084538802853,16.320664428991382,101.39086996347662,79.91957635937041
2025-03-01 03:45:00,1119.6344049031513,22.56263993025565,14.789926068445299,3.180852426102784,125.01909905650824,250.67476760799545,400.33970480627136,2109.4687157954327,13.958681109488314,102.67119868624413,80.78560790397003
2025-03-01 03:46:00,1104.4710940721397,22.662081554206125,14.02898505709423,2.3427605936570153,124.3812336869487,249.3303907129795,401.3748013031331,2081.574276734247,14.384506891731517,99.44162395047539,78.87990521539801
2025-03-01 03:47:00,1089.8729781336376,22.761115384010186,14.719494338137679,2.7040533030560696,125.71830631148153,250.57490571119695,397.48933947253056,2104.1789557401307,13.905991821533545,99.03382980406326,84.38558070393539
2025-03-01 03:48:00,1074.6316548153777,22.8631674259888,14.49862672888743,2.36836070007132,125.58242552852909,250.48358923276453,395.06574100835985,2087.5263667365725,15.545448906316649,102.05204197861089,77.59948083916287
2025-03-01 03:49:00,1059.3015694180144,22.9585057859715,16.13566182468681,2.434765941136986,125.31015876047232,250.71067043044775,401.21974189576997,2099.5727759286683,14.526023638390273,95.3383599827039,84.91618826924567
2025-03-01 03:50:00,1044.7044416315696,23.05314213792979,14.392881921588447,2.700212182459632,125.7073645762364,251.7682780024372,397.71342020685734,2089.194164954748,14.945322748428449,94.63635195828874,87.00514184528035
2025-03-01 03:51:00,1030.3995937408392,23.153002194615716,15.19933781518728,2.359236240173703,125.28329327835263,250.7867618122169,400.4838970852465,2093.49995815695,14.470960315574763,99.86005668592696,82.17162026389364
2025-03-01 03:52:00,1016.0871240444244,23.265422090174198,15.145573705641983,2.49707515855631,124.63078179333486,249.85083384930488,401.4138007982627,2097.03091550071,13.946020018830403,112.41989555848002,72.962354389708
2025-03-01 03:53:00,1001.5241150382952,23.371800573222796,15.788603956514159,2.4592734649667123,124.65877518274343,250.55967410003953,402.5608941076551,2097.8163215932723,14.65256703509223,106.37848304860098,73.36408268099295
2025-03-01 03:54:00,986.3864510534838,23.472370137030133,14.944497624373946,2.5791340564378897,124.79160544763533,249.64006135337016,402.7682956421653,2090.4239295776965,13.876206134434216,100.56956380733449,78.46824564769608
2025-03-01 03:55:00,971.7615242179932,23.57000021757826,15.803518883648279,2.690738360836419,125.53471448201164,248.50760836165688,400.7999014746125,2081.0213313784006,14.606126073455057,97.63008054812947,76.5827270355554
2025-03-01 03:56:00,957.1291296963922,23.672685023418374,14.71473742383411,2.562626508315902,124.75937141573132,251.7635023593824,400.6685942073082,2097.735149328502,12.914557878848498,102.68480584011093,81.62505932914283
2025-03-01 03:57:00,942.2178950261033,23.769274924590484,15.105662122492145,2.115999424836654,125.46127463055421,250.77819851185683,401.10096141912163,2087.087730893832,14.346323360150901,96.58990117211324,78.21707305384878
2025-03-01 03:58:00,927.0926972008338,23.871185002756672,15.448986793356962,2.6255254787552618,124.22885692524086,250.28546671951077,399.8488040445349,2091.1771851251156,14.704171882551254,101.91007816618604,68.09516150988404
2025-03-01 03:59:00,912.90326424796,23.96842428870228,15.260396333656892,2.3634877163441828,125.68434034631377,248.2116427153597,396.63106769300884,2106.619431314662,16.537068585193072,97.23928594560743,75.67999515991151
2025-03-01 04:00:00,897.7652947169557,24.067842897401917,15.016459075011893,2.5168488190366696,124.91335737508241,249.55999589641894,402.908225292908,2095.0484897905462,13.675437571316422,99.41860869963507,80.85974381785944
2025-03-01 04:01:00,882.8486357372733,24.172818836329636,15.04289635086213,2.1642963018256833,125.66929630837245,250.8287385289394,398.0140401969966,2097.0033579328715,14.982093036217478,104.97593892771982,85.64922423752027
2025-03-01 04:02:00,868.3985975113491,24.26704503004927,14.832783206255717,2.3519393504257398,125.59548567948988,251.06080357067574,402.3113415645775,2102.2000667186076,15.3497893602336,94.22619371963626,81.03881519791345
2025-03-01 04:03:00,852.7494659947489,24.37370239919758,15.973695653397938,2.7061806306889533,124.65851741093728,249.47185018183245,403.76907134216515,2082.7285490608397,16.238582222550843,106.65736914830816,76.53422093618374
2025-03-01 04:04:00,837.9363467371165,24.472639748624168,15.063315650222473,2.6030178675050175,124.67937014710303,249.98374732606845,396.2725845393885,2087.0755176807693,14.884709569844034,98.93734942658844,75.65538781188093
2025-03-01 04:05:00,822.8092734230569,24.57753254111307,15.024206038681598,2.62043816350292,124.98809212383927,249.99844091973839,401.12861775992815,2125.840380004488,14.372349762097024,104.89279248889954,76.9795995827181
2025-03-01 04:06:00,807.9422484179098,24.678616345356698,15.563736283637464,2.544977771277984,124.91268964544284,248.85583458823172,400.6558363665344,2128.0469433693834,14.481085430820283,101.0838042436283,72.27163107069921
2025-03-01 04:07:00,793.0449498752702,24.78548917240398,14.797540688671413,3.0717848286634357,124.43917753012369,250.68149587806104,398.70659709233394,2115.6430603493286,15.143574847899446,106.87282704728281,78.76528151023894
2025-03-01 04:08:00,778.383047813821,24.886145081397522,14.28573601661426,2.5229617727038147,124.53648808825766,249.30581459302286,401.46032160962284,2100.1300114729524,16.13421270917587,100.65590899353832,86.73922175204007
2025-03-01 04:09:00,764.2601197577171,24.98516236489904,14.926270277939816,2.1475678348357072,125.86733002603982,251.98908916682404,401.6973912487405,2098.8940528275925,15.19396437457797,99.01728350151801,76.22773281823902
2025-03-01 04:10:00,749.3998481716187,25.085351281213555,15.436895771767444,2.795948632835854,125.33959315897681,251.33958833888747,400.9361856904271,2082.4997945307696,15.106849182420444,100.18891631451815,74.4517796127118
2025-03-01 04:11:00,734.8640849793609,25.197253083146933,14.694572801846027,1.9383354152779886,124.77574043810361,250.13950685199788,401.3381126000167,2086.4429777510663,17.186690577309303,111.90180193337697,84.4203564171482
2025-03-01 04:12:00,719.1043919071333,25.30151873845694,14.882175548435617,2.572650934731102,124.18807162657691,250.41857930852905,400.1142045036641,2079.766934387893,15.842978577209893,104.26565531000682,84.92739900175353
2025-03-01 04:13:00,704.4632726582927,25.40345909919766,15.372404382743946,2.3496610811828447,125.51214928228067,249.84949981209172,400.5556822191252,2106.6198287215625,16.250052818873232,101.94036074072356,86.99849028500682
2025-03-01 04:14:00,689.8293160524114,25.510064600548755,16.514341246350895,2.607189715421432,125.5283753049485,249.4282177120363,400.3646095517959,2108.8215381284995,15.25106247784922,106.60550135109256,80.54757511971918
2025-03-01 04:15:00,674.9017505094005,25.606677863849583,15.888860677476279,2.4646309727847853,124.92919661809539,249.99800038865638,396.6599691428584,2105.720181423787,15.381906184314502,96.61326330082561,82.22134168241746
2025-03-01 04:16:00,660.1972894735085,25.71070556204404,15.407549831897672,2.4211948432351353,125.15527183341202,249.088711162429,400.42231407977215,2111.224743839179,14.944173979068351,104.02769819446044,83.57414981556158
2025-03-01 04:17:00,645.2091394347217,25.818119359787474,14.915453393258332,2.4630641154843267,125.46125114074438,251.16412919731104,402.9665778415345,2096.692805172725,15.174053618874499,107.4137977434335,77.69489806339269
2025-03-01 04:18:00,629.7546597053727,25.923641533027794,14.078387154174361,2.474705776301705,124.87471008925174,249.43896417120314,399.5442633030406,2105.6416461714975,13.589995302722528,105.52217324032074,82.63159568534134
2025-03-01 04:19:00,614.6163420381782,26.0285094348697,15.238717443714112,2.6074459580631073,124.90914000373941,251.13320703069184,402.42814460628125,2095.8952307014983,14.58729998793474,104.867901841906,77.45860509946513
2025-03-01 04:20:00,599.8393790269189,26.130994371337277,15.42542411533264,2.4644380727916713,125.0303770897137,248.94714574671912,399.41167009225535,2104.661230721536,16.4363066264765,102.48493646757397,78.95299132577249
2025-03-01 04:21:00,584.7346022213612,26.23158534609191,15.050705434249124,2.6177154567399077,124.9787202724994,250.5186743153599,400.74355490072526,2101.7980784375027,14.910804767274081,100.59097475463037,83.31641264888066
2025-03-01 04:22:00,569.9926879889586,26.33966407212334,14.766576397389997,2.577177265359566,124.48824640550846,250.75399322893375,402.89363908887634,2091.627183711949,12.649804282065546,108.07872603143291,77.50658763230726
2025-03-01 04:23:00,554.8109616803649,26.438433857544638,14.27935338182127,2.7575205758822143,124.94858461012453,249.45754844189128,396.398278742829,2109.1718171293055,14.5816639674625,98.76978542129528,77.05234656805348
2025-03-01 04:24:00,539.5553403130601,26.53587448006542,14.51119471995369,2.0058956056510784,126.0532280387418,250.71042593240935,400.9214801600446,2101.462071240622,14.820011438163034,97.44062252078243,78.8953658864087
2025-03-01 04:25:00,525.006952492802,26.638868628445298,14.495661118766135,2.5346018078404877,124.89448553592868,251.31990894485213,399.17957744293915,2098.1860231031833,13.513576783573452,102.99414837988013,78.0126385509007
2025-03-01 04:26:00,509.8250419711974,26.738257323505955,15.111326808689654,2.844085038669198,124.79914046083668,250.14757678919884,400.3345131417511,2087.1953563519724,14.271554464903598,99.38869506065507,87.00498146236069
2025-03-01 04:27:00,494.91056176303124,26.833410357617343,15.524246630006061,2.3428224242001603,124.77334053929414,250.18102594081037,401.46408380584677,2111.6827977604535,13.967496786532777,95.15303411138952,82.13864256253726
2025-03-01 04:28:00,478.53248923536177,26.93575812391472,15.364290768078849,2.873975034347839,125.54555661549266,249.53194229755778,400.9974460992219,2099.977661485027,14.214304442709011,102.34776629737505,75.4603332782024
2025-03-01 04:29:00,464.42674459840407,27.045034001584572,14.851626572895597,2.754462953772369,124.68861836318735,250.38971715168935,399.11659605821535,2092.9558990949445,14.563376001871118,109.27587766985228,80.94713858909476
2025-03-01 04:30:00,449.61293103024735,27.146775991944452,14.67569826255122,2.4282382741591197,125.40161280444609,250.16083166209884,401.72553159457055,2112.1340052657715,16.565466212889287,101.74199035988012,77.4130176910406
2025-03-01 04:31:00,433.7912911410037,27.234128419254837,14.924297550988014,2.839767440963654,125.39364159406819,249.41976202478085,399.5064857203378,2101.5644366809042,14.289922965503598,87.35242731038562,86.11463229676575
2025-03-01 04:32:00,418.5236953256203,27.342867382396335,14.406439644465461,2.4440277506052888,125.04865876217093,251.13914719586938,400.8909781326989,2094.5212736461935,15.406270972209212,108.73896314149827,69.72016880188951
2025-03-01 04:33:00,403.92805922490675,27.44701656015694,14.209910643686719,2.330006847076857,125.5762592509304,249.0300177042465,400.58772388229323,2086.7868073062177,15.147426218297296,104.14917776060193,80.42980338707692
2025-03-01 04:34:00,389.0712779490195,27.546081055297243,14.84632530953468,2.1878427055776437,125.14571881042423,252.19979474861208,402.5185596547466,2106.99192242692,15.97703724676186,99.06449514030346,81.55572255779526
2025-03-01 04:35:00,375.9899189678225,27.64149717144276,13.648444813810618,3.006702596098468,125.34312220900256,250.32970736790776,403.11868419152756,2109.566539449488,15.734885855709388,95.4161161455186,81.3394073399369
2025-03-01 04:36:00,360.76971343106015,27.74630660962937,14.372907257914603,2.4559893320593735,125.70261741597945,251.10838833748335,400.4104767376721,2101.9879109695926,15.026378821379305,104.80943818660975,84.6644080610394
2025-03-01 04:37:00,346.2798272292045,27.839088200449215,15.08467769175257,2.2996673474440836,125.22942531869,249.51509783308325,399.9988458786168,2093.7341324135655,14.870474105482703,92.78159081984289,86.70262960916398
2025-03-01 04:38:00,331.94099304163046,27.92887466969469,15.095679354239865,2.303311936349662,125.2795313455096,249.14678830065503,399.335368363261,2093.9775665770017,16.447751567773558,89.78646924547658,81.74017711309114
2025-03-01 04:39:00,317.32152969141896,28.029893703128618,15.362832917718361,1.9612013258493235,124.89679590864408,249.7771389771864,396.83107125160706,2096.454003051381,16.112127813029385,101.01903343392948,68.42044881164173
2025-03-01 04:40:00,302.61414051057875,28.13409516702925,14.365871502361383,2.4605775986768172,125.20407703783977,250.16069118897934,397.35079490139145,2101.637060192352,14.407062629494556,104.20146390063523,76.31970936429744
2025-03-01 04:41:00,286.47712091983266,28.231795875679072,14.972555046911227,2.6777311498385243,125.39550382615886,250.3469443394726,400.3369905535671,2082.891229578321,14.14841163799966,97.70070864982065,69.92648620864185
2025-03-01 04:42:00,271.7540433627309,28.34127797462943,15.388594059482275,2.6306500370870616,124.78545840764997,250.58500900439134,400.8055167619819,2100.9486240175643,14.918699106403238,109.48209895035977,87.10880248577448
2025-03-01 04:43:00,256.12775874164697,28.44537223829678,16.18606843673908,2.3695698983531006,125.28866752902674,250.03503911057763,399.59006340331496,2103.4951501327464,12.95785455047431,104.09426366734776,89.21084992072208
2025-03-01 04:44:00,241.26715991670434,28.546396095400034,15.380465585974555,2.752249770637653,125.4124702806926,251.05755032841267,401.6447217584893,2093.4656798024866,14.276639184409687,101.02385710325585,86.91938603412493
2025-03-01 04:45:00,225.89897145485588,28.651014512217138,14.908743219297689,2.5768433989384762,125.42977266091025,250.85230386269637,398.46100666458364,2096.1530870436586,15.027246606238366,104.61841681710271,63.543489792665774
2025-03-01 04:46:00,210.968640510006,28.75269423425483,14.360281536176206,2.3578092036115117,124.44005683120947,248.00094553238785,401.7374680092757,2095.685998671512,14.82473704613308,101.6797220376895,80.78816080112611
2025-03-01 04:47:00,196.0722924219292,28.852504185040626,14.869395441771072,2.4470288996770986,126.30395784325357,250.58630075317402,400.2855178388715,2091.280975844455,14.31596974782454,99.80995078579839,83.91213971719851
2025-03-01 04:48:00,181.09612667367654,28.947435491418336,14.999320198403465,2.6224502015577915,125.14738587050205,251.8479924609765,399.1137911825525,2104.7875864828984,14.173608132072092,94.9313063777079,79.25110341355908
2025-03-01 04:49:00,165.40944114961377,29.037888615833484,15.12040553189656,2.606530557860097,124.8932506971209,251.568713307351,401.07116217165895,2101.854635664325,16.061204246815702,90.45312441514716,72.70477831470345
2025-03-01 04:50:00,150.41021162078553,29.135705989649058,14.939089618782129,2.6105357498130783,124.66239659249742,251.79940045189363,398.6505292525602,2119.0462414433778,16.163012466881476,97.81737381557436,89.19756459341215
2025-03-01 04:51:00,136.28287727278868,29.23968232660309,15.008426125525398,2.3121578849869167,126.16503815100197,250.65956109920168,398.9364766221128,2108.7347410448897,14.80799470070805,103.9763369540352,79.68394715880056
2025-03-01 04:52:00,121.54795426033651,29.34248645706807,14.897019432672332,2.7457958435805847,124.80451556817317,250.64249773071018,398.646920263004,2108.8631553807104,13.744555077748256,102.80413046497799,74.48580899750822
2025-03-01 04:53:00,106.13010041104403,29.440408226832304,14.42788487241876,2.2136373614066565,124.21048893109403,251.61712000470592,399.5781949745217,2104.051363307334,15.479856574071896,97.92176976423345,78.62036079515292
2025-03-01 04:54:00,90.73380631830942,29.537697930181515,14.20473302072568,2.1764056187758123,125.00317845287336,249.86728285997,393.80032665589727,2110.401651657981,15.483715815992637,97.28970334921111,84.74058832601474
2025-03-01 04:55:00,74.889624141185,29.63119284441112,15.067859929708217,2.4245021054265123,124.50855303807245,249.1572810945416,399.50569146661326,2113.7568239842426,14.004579512254713,93.49491422960526,80.23796317281416
2025-03-01 04:56:00,59.94132602415917,29.735047324175387,15.219225132981355,2.51253097326342,124.58824290720163,250.6593753309387,398.84160575110695,2089.6324587529007,15.544620892897383,103.8544797642651,94.74077803699727
2025-03-01 04:57:00,44.61028044192312,29.831950672095513,14.695164480880138,2.787760796713991,125.27514994649579,250.66396504979377,399.3075489603094,2114.1257368546853,14.885488332518769,96.9033479201295,82.62437517682464
2025-03-01 04:58:00,29.032058955490243,29.93625404608518,15.075761754340109,2.6212383277905764,125.48067552965847,248.32237727297897,401.7309009917035,2104.7167397763674,13.995005840946733,104.30337398966338,72.30764838207543
2025-03-01 04:59:00,14.822392422381105,30.037502311698695,14.994249477552685,2.8847016497039277,125.14618474206465,249.22411367491299,402.75949690482435,2092.5312243841568,16.5672104109413,101.24826561351736,76.82372622368513
